Project,KSKNr,Ident
A56M,830569527810,P8378690
A56M,830569527811,P8378690
A56M,830569527812,P8378690
A56M,830569527813,P8378690
A56M,830569527814,P8378690
A56M,830569527815,P8378690
A56M,830569527816,P8378690
A56M,830569527817,P8378690
A56M,830569527818,P8378690
A56M,830569527819,P8378690
A56M,830569527820,P8378690
A56M,830569527821,P8378690
A56M,830569527822,P8378690
A56M,830569527823,P8378690
A56M,830569527824,P8378690
A56M,830569527825,P8378690
A56M,830569527826,P8378690
A56M,830569527827,P8378690
A56M,830569527828,P8378690
A56M,830569527829,P8378690
A56M,830569527830,P8378690
A56M,830569527831,P8378690
A56M,830569527832,P8378690
A56M,830569527833,P8378690
A56M,830569527834,P8378690
A56M,830569527835,P8378690
A56M,830569527836,P8378690
A56M,830569527837,P8378690
A56M,830569527838,P8378690
A56M,830569527839,P8378690
A56M,830569527840,P8378690
A56M,830569527841,P8378690
A56M,830569527842,P8378690
A56M,830569527843,P8378690
A56M,830569527844,P8378690
A56M,830569527845,P8378690
A56M,830569527846,P8378690
A56M,830569527847,P8378690
A56M,830569527848,P8378690
A56M,830569527849,P8378690
A56M,830569527850,P8378690
A56M,830569527851,P8378690
A56M,830569527852,P8378690
A56M,830569527853,P8378690
A56M,830569527854,P8378690
A56M,830569527855,P8378691
A56M,830569527856,P8378691
A56M,830569527857,P8378691
A56M,830569527858,P8378691
A56M,830569527859,P8378691
A56M,830569527860,P8378691
A56M,830569527861,P8378691
A56M,830569527862,P8378691
A56M,830569527863,P8378691
A56M,830569527864,P8378691
A56M,830569527865,P8378691
A56M,830569527866,P8378691
A56M,830569527867,P8378691
A56M,830569527868,P8378691
A56M,830569527869,P8378691
A56M,830569527870,P8378691
A56M,830569527871,P8378691
A56M,830569527872,P8378691
A56M,830569527873,P8378691
A56M,830569527874,P8378691
A56M,830569527875,P8378691
A56M,830569527876,P8378691
A56M,830569527877,P8378691
A56M,830569527878,P8378691
A56M,830569527879,P8378691
A56M,830569527880,P8378691
A56M,830569527881,P8378691
A56M,830569527882,P8378691
A56M,830569527883,P8378691
A56M,830569527884,P8378691
A56M,830569527885,P8378691
A56M,830569527886,P8378691
A56M,830569527887,P8378691
A56M,830569527888,P8378691
A56M,830569527889,P8378691
A56M,830569527890,P8378691
A56M,830569527891,P8378691
A56M,830569527892,P8378691
A56M,830569527893,P8378691
A56M,830569527894,P8378691
A56M,830569527895,P8378691
A56M,830569527896,P8378691
A56M,830569527897,P8378691
A56M,830569527898,P8378691
A56M,830569527899,P8378691
A56M,830569527900,P8378692
A56M,830569527901,P8378692
A56M,830569527902,P8378692
A56M,830569527903,P8378692
A56M,830569527904,P8378692
A56M,830569527905,P8378692
A56M,830569527906,P8378692
A56M,830569527907,P8378692
A56M,830569527908,P8378692
A56M,830569527909,P8378692
A56M,830569527910,P8378692
A56M,830569527911,P8378692
A56M,830569527912,P8378692
A56M,830569527913,P8378692
A56M,830569527914,P8378692
A56M,830569527915,P8378692
A56M,830569527916,P8378692
A56M,830569527917,P8378692
A56M,830569527918,P8378692
A56M,830569527919,P8378692
A56M,830569527920,P8378692
A56M,830569527921,P8378692
A56M,830569527922,P8378692
A56M,830569527923,P8378692
A56M,830569527924,P8378692
A56M,830569527925,P8378692
A56M,830569527926,P8378692
A56M,830569527927,P8378692
A56M,830569527928,P8378692
A56M,830569527929,P8378692
A56M,830569527930,P8378692
A56M,830569527931,P8378692
A56M,830569527932,P8378692
A56M,830569527933,P8378692
A56M,830569527934,P8378692
A56M,830569527935,P8378692
A56M,830569527936,P8378692
A56M,830569527937,P8378692
A56M,830569527938,P8378692
A56M,830569527939,P8378692
A56M,830569527940,P8378692
A56M,830569527941,P8378692
A56M,830569527942,P8378692
A56M,830569527943,P8378692
A56M,830569527944,P8378692
A56M,830569528085,P8378747
A56M,830569528086,P8378747
A56M,830569528087,P8378747
A56M,830569528088,P8378747
A56M,830569528089,P8378747
A56M,830569528090,P8378747
A56M,830569528091,P8378747
A56M,830569528092,P8378747
A56M,830569528093,P8378747
A56M,830569528094,P8378747
A56M,830569528095,P8378747
A56M,830569528096,P8378747
A56M,830569528097,P8378747
A56M,830569528098,P8378747
A56M,830569528099,P8378747
A56M,830569528100,P8378748
A56M,830569528101,P8378748
A56M,830569528102,P8378748
A56M,830569528103,P8378748
A56M,830569528104,P8378748
A56M,830569528105,P8378748
A56M,830569528106,P8378748
A56M,830569528107,P8378748
A56M,830569528108,P8378748
A56M,830569528109,P8378748
A56M,830569528110,P8378748
A56M,830569528111,P8378748
A56M,830569528112,P8378748
A56M,830569528113,P8378748
A56M,830569528114,P8378748
A56M,830569528115,P8378749
A56M,830569528116,P8378749
A56M,830569528117,P8378749
A56M,830569528118,P8378749
A56M,830569528119,P8378749
A56M,830569528120,P8378749
A56M,830569528121,P8378749
A56M,830569528122,P8378749
A56M,830569528123,P8378749
A56M,830569528124,P8378749
A56M,830569528125,P8378749
A56M,830569528126,P8378749
A56M,830569528127,P8378749
A56M,830569528128,P8378749
A56M,830569528129,P8378749
A56M,830569528130,P8378763
A56M,830569528131,P8378764
A56M,830569528132,P8378765
A56M,830569528148,P8382698
A56M,830569528149,P8382698
A56M,830569528150,P8382698
A56M,830569528151,P8382698
A56M,830569528152,P8382698
A56M,830569528153,P8382698
A56M,830569528154,P8382698
A56M,830569528155,P8382698
A56M,830569528156,P8382698
A56M,830569528157,P8382698
A56M,830569528158,P8382698
A56M,830569528159,P8382698
A56M,830569528160,P8382698
A56M,830569528161,P8382698
A56M,830569528162,P8382698
A56M,830569528163,P8382698
A56M,830569528164,P8382698
A56M,830569528165,P8382698
A56M,830569528166,P8382698
A56M,830569528167,P8382698
A56M,830569528168,P8382699
A56M,830569528169,P8382699
A56M,830569528170,P8382699
A56M,830569528171,P8382699
A56M,830569528172,P8382699
A56M,830569528173,P8382699
A56M,830569528174,P8382699
A56M,830569528175,P8382699
A56M,830569528176,P8382699
A56M,830569528177,P8382699
A56M,830569528178,P8382699
A56M,830569528179,P8382699
A56M,830569528180,P8382699
A56M,830569528181,P8382699
A56M,830569528182,P8382699
A56M,830569528183,P8382699
A56M,830569528184,P8382699
A56M,830569528185,P8382699
A56M,830569528186,P8382699
A56M,830569528187,P8382699
A56M,830569528188,P8382700
A56M,830569528189,P8382700
A56M,830569528190,P8382700
A56M,830569528191,P8382700
A56M,830569528192,P8382700
A56M,830569528193,P8382700
A56M,830569528194,P8382700
A56M,830569528195,P8382700
A56M,830569528196,P8382700
A56M,830569528197,P8382700
A56M,830569528198,P8382700
A56M,830569528199,P8382700
A56M,830569528200,P8382700
A56M,830569528201,P8382700
A56M,830569528202,P8382700
A56M,830569528203,P8382700
A56M,830569528204,P8382700
A56M,830569528205,P8382700
A56M,830569528206,P8382700
A56M,830569528207,P8382700
A56M,830569528208,P8382728
A56M,830569528209,P8382728
A56M,830569528210,P8382728
A56M,830569528211,P8382728
A56M,830569528212,P8382728
A56M,830569528213,P8382728
A56M,830569528214,P8382728
A56M,830569528215,P8382728
A56M,830569528216,P8382728
A56M,830569528217,P8382728
A56M,830569528218,P8382728
A56M,830569528219,P8382728
A56M,830569528220,P8382730
A56M,830569528221,P8382730
A56M,830569528222,P8382730
A56M,830569528223,P8382730
A56M,830569528224,P8382730
A56M,830569528225,P8382730
A56M,830569528226,P8382730
A56M,830569528227,P8382730
A56M,830569528228,P8382730
A56M,830569528229,P8382730
A56M,830569528230,P8382730
A56M,830569528231,P8382730
A56M,830569528232,P8382731
A56M,830569528233,P8382731
A56M,830569528234,P8382731
A56M,830569528235,P8382731
A56M,830569528236,P8382731
A56M,830569528237,P8382731
A56M,830569528238,P8382731
A56M,830569528239,P8382731
A56M,830569528240,P8382731
A56M,830569528241,P8382731
A56M,830569528242,P8382731
A56M,830569528243,P8382731
A56M,830569528244,P8382741
A56M,830569528245,P8382741
A56M,830569528246,P8382741
A56M,830569528247,P8382741
A56M,830569528248,P8382741
A56M,830569528249,P8382741
A56M,830569528250,P8382741
A56M,830569528251,P8382741
A56M,830569528252,P8382741
A56M,830569528253,P8382741
A56M,830569528254,P8382741
A56M,830569528255,P8382741
A56M,830569528256,P8382741
A56M,830569528257,P8382741
A56M,830569528258,P8382741
A56M,830569528259,P8382741
A56M,830569528260,P8382741
A56M,830569528261,P8382741
A56M,830569528262,P8382741
A56M,830569528263,P8382741
A56M,830569528264,P8382741
A56M,830569528265,P8382741
A56M,830569528266,P8382741
A56M,830569528267,P8382741
A56M,830569528268,P8382741
A56M,830569528269,P8382741
A56M,830569528270,P8382741
A56M,830569528271,P8382741
A56M,830569528272,P8382741
A56M,830569528273,P8382741
A56M,830569528274,P8382741
A56M,830569528275,P8382741
A56M,830569528276,P8382741
A56M,830569528277,P8382741
A56M,830569528278,P8382741
A56M,830569528279,P8382741
A56M,830569528280,P8382741
A56M,830569528281,P8382741
A56M,830569528282,P8382741
A56M,830569528283,P8382741
A56M,830569528284,P8382741
A56M,830569528285,P8382741
A56M,830569528286,P8382741
A56M,830569528287,P8382741
A56M,830569528288,P8382741
A56M,830569528289,P8382741
A56M,830569528290,P8382741
A56M,830569528291,P8382741
A56M,830569528292,P8382741
A56M,830569528293,P8382741
A56M,830569528294,P8382742
A56M,830569528295,P8382742
A56M,830569528296,P8382742
A56M,830569528297,P8382742
A56M,830569528298,P8382742
A56M,830569528299,P8382742
A56M,830569528300,P8382742
A56M,830569528301,P8382742
A56M,830569528302,P8382742
A56M,830569528303,P8382742
A56M,830569528304,P8382742
A56M,830569528305,P8382742
A56M,830569528306,P8382742
A56M,830569528307,P8382742
A56M,830569528308,P8382742
A56M,830569528309,P8382742
A56M,830569528310,P8382742
A56M,830569528311,P8382742
A56M,830569528312,P8382742
A56M,830569528313,P8382742
A56M,830569528314,P8382742
A56M,830569528315,P8382742
A56M,830569528316,P8382742
A56M,830569528317,P8382742
A56M,830569528318,P8382742
A56M,830569528319,P8382742
A56M,830569528320,P8382742
A56M,830569528321,P8382742
A56M,830569528322,P8382742
A56M,830569528323,P8382742
A56M,830569528324,P8382742
A56M,830569528325,P8382742
A56M,830569528326,P8382742
A56M,830569528327,P8382742
A56M,830569528328,P8382742
A56M,830569528329,P8382742
A56M,830569528330,P8382742
A56M,830569528331,P8382742
A56M,830569528332,P8382742
A56M,830569528333,P8382742
A56M,830569528334,P8382742
A56M,830569528335,P8382742
A56M,830569528336,P8382742
A56M,830569528337,P8382742
A56M,830569528338,P8382742
A56M,830569528339,P8382742
A56M,830569528340,P8382742
A56M,830569528341,P8382742
A56M,830569528342,P8382742
A56M,830569528343,P8382742
A56M,830569528344,P8382743
A56M,830569528345,P8382743
A56M,830569528346,P8382743
A56M,830569528347,P8382743
A56M,830569528348,P8382743
A56M,830569528349,P8382743
A56M,830569528350,P8382743
A56M,830569528351,P8382743
A56M,830569528352,P8382743
A56M,830569528353,P8382743
A56M,830569528354,P8382743
A56M,830569528355,P8382743
A56M,830569528356,P8382743
A56M,830569528357,P8382743
A56M,830569528358,P8382743
A56M,830569528359,P8382743
A56M,830569528360,P8382743
A56M,830569528361,P8382743
A56M,830569528362,P8382743
A56M,830569528363,P8382743
A56M,830569528364,P8382743
A56M,830569528365,P8382743
A56M,830569528366,P8382743
A56M,830569528367,P8382743
A56M,830569528368,P8382743
A56M,830569528369,P8382743
A56M,830569528370,P8382743
A56M,830569528371,P8382743
A56M,830569528372,P8382743
A56M,830569528373,P8382743
A56M,830569528374,P8382743
A56M,830569528375,P8382743
A56M,830569528376,P8382743
A56M,830569528377,P8382743
A56M,830569528378,P8382743
A56M,830569528379,P8382743
A56M,830569528380,P8382743
A56M,830569528381,P8382743
A56M,830569528382,P8382743
A56M,830569528383,P8382743
A56M,830569528384,P8382743
A56M,830569528385,P8382743
A56M,830569528386,P8382743
A56M,830569528387,P8382743
A56M,830569528388,P8382743
A56M,830569528389,P8382743
A56M,830569528390,P8382743
A56M,830569528391,P8382743
A56M,830569528392,P8382743
A56M,830569528393,P8382743
